<?xml version="1.0" encoding="UTF-8"?>
<!DOCTYPE mapper
	PUBLIC "-//mhybatis.org//DTD Mapper 3.0//EN"
	"http://mybatis.org/dtd/mybatis-3-mapper.dtd">
<mapper namespace="com.javadb.mapper.ReplyMapper">

	<insert id ="insert">
		insert into tbl_reply (rno, bno, reply, replyer)
		values (seq_reply.nextval, #{bno}, #{reply}, #{replyer})
	</insert>
	
	<select id="read" resultType="com.javadb.domain.ReplyVO">
		select * from tbl_reply where rno = #{rno}
	</select>
	
	<delete id="delete">
		delete from tbl_reply where rno = #{rno}
	</delete>
	
	<update id="update">
		update tbl_reply set reply = #{reply}, updatedate = sysdate where rno = #{rno}
	</update>
	
	<select id="getListWithPaging" resultType="com.javadb.domain.ReplyVO">
		select rno, bno, reply, replyer, replyDate, updatedate
		from tbl_reply
		where bno = #{bno}
		order by rno asc
	</select>

</mapper>